name,company,role,extra_context
Alice Johnson,Acme Corp,VP of Sales,Recently expanded into APAC markets and spoke about scaling challenges
Bob Chen,TechFlow,CTO,Open-source contributor and maintainer of a popular developer tools repo
Maria Gomez,StartupX,Founder & CEO,Just raised a Series A round of $8M, aggressively hiring engineering team
David Kim,RetailGiant,Head of Marketing,Keynote speaker at NRF 2024 on AI-driven personalization
Priya Patel,FinTech Inc,Product Manager,Background in ML; working on payments infrastructure modernization
James Wright,HealthPlus,Director of Operations,Overseeing digital transformation of a 500-person hospital network
Sophie Dubois,GreenWave,Sustainability Lead,Running a net-zero initiative; presented at COP28
Luca Ferrari,AutoTech,VP Engineering,Building autonomous vehicle software stack, ex-Tesla
Ananya Iyer,EduLeap,Co-founder,EdTech platform serving 200k students across Tier 2 Indian cities
Carlos Mendoza,LogiChain,COO,Recently migrated supply chain to a cloud-native architecture
